combination,alerts,wins,losses,opens,wr,avg_r,total_r,stop_hit_pct,target_hit_pct
Phase 2,9,7,2,0,77.77777777777779,0.6422222222222225,5.780000000000002,22.22222222222222,77.77777777777779
Phase 2 + Phase 3,9,7,2,0,77.77777777777779,0.6422222222222225,5.780000000000002,22.22222222222222,77.77777777777779
Phase 2 + Phase 4,8,6,2,0,75.0,0.5837500000000002,4.670000000000002,25.0,75.0
Phase 2 + Phase 3 + Phase 4,8,6,2,0,75.0,0.5837500000000002,4.670000000000002,25.0,75.0
